ID,Name,Macroarea,Latitude,Longitude,Glottocode,ISO639P3code,Feature_IDs,Glottolog_Languoid_Level,Family,Speaker_Area
achu1247,Achumawi,,41.0979,-121.191,achu1247,,2,language,Palaihnihan,languages
adai1235,Adai,,31.6314,-92.0059,adai1235,,4,language,,languages
ahte1237,Ahtena,,61.7068,-144.889,ahte1237,,5,language,Athabaskan-Eyak-Tlingit,languages
alab1237,Alabama,,30.76738,-94.62848,alab1237,,8,language,Muskogean,languages
aleu1260,Aleut,,52.1228,-174.29,aleu1260,,10,language,Eskimo-Aleut,languages
algo1255,Algonquin,,47.3876,-77.5258,algo1255,,11,language,Algic,languages
apal1237,Apalachee,,30.118,-84.416,apal1237,,13,language,Muskogean,languages
aran1265,Aranama,,28.65425,-97.38526,aran1265,,14,language,Unclassifiable,languages
arap1274,Arapaho,,43.3879,-108.81,arap1274,,15,language,Algic,languages
arik1262,Arikara,,45.0,-100.0,arik1262,,16,language,Caddoan,languages
assi1247,Assiniboine,,49.2923,-106.068,assi1247,,17,language,Siouan,languages
atak1252,Atakapa,,30.9121,-93.0827,atak1252,,18,language,,languages
atik1240,Atikamekw,,47.9555,-73.7989,atik1240,,19,language,Algic,languages
atsu1245,Atsugewi,,40.4271,-120.661,atsu1245,,20,language,Palaihnihan,languages
atzi1235,Atzingo Matlatzinca,,19.3871,-99.9239,atzi1235,,21,language,Otomanguean,languages
babi1235,Witsuwit'en-Babine,,55.0997,-126.41,babi1235,,23,language,Athabaskan-Eyak-Tlingit,languages
barb1263,Barbareño,,34.462,-119.699,barb1263,,24,language,Chumashan,languages
beav1236,Beaver,,56.7984,-120.352,beav1236,,25,language,Athabaskan-Eyak-Tlingit,languages
bell1243,Bella Coola,,52.3448,-126.689,bell1243,,26,language,Salishan,languages
bida1238,Bidai,,,,bida1238,,27,language,Unclassifiable,languages
bilo1248,Biloxi,,31.32,-89.1951,bilo1248,,28,language,Siouan,languages
boru1252,Boruca,,8.88093,-83.2124,boru1252,,29,language,Chibchan,languages
brib1243,Bribri,,9.39794,-83.0539,brib1243,,30,language,Chibchan,languages
buen1244,Buena Vista Yokuts,,35.22038,-119.23748,buen1244,,31,language,Yokutsan,languages
bugl1243,Buglere,,8.57695,-81.25648,bugl1243,,32,language,Chibchan,languages
cabe1245,Cabécar,,9.67031,-83.4102,cabe1245,,33,language,Chibchan,languages
caca1247,Cacaopera,,13.7437,-88.1133,caca1247,,34,language,Misumalpan,languages
cadd1256,Caddo,,33.33,-93.5,cadd1256,,35,language,Caddoan,languages
cahu1264,Cahuilla,,33.5324,-116.691,cahu1264,,36,language,Uto-Aztecan,languages
calu1239,Calusa,,,,calu1239,,37,language,Unclassifiable,languages
caro1243,Carolina Algonquian,,35.979,-77.291,caro1243,,39,language,Algic,languages
carr1249,Central Carrier,,54.3768,-124.328,carr1249,,40,language,Athabaskan-Eyak-Tlingit,languages
cata1286,Catawba,,34.9685,-80.8857,cata1286,,41,language,Siouan,languages
cayu1241,Cayuse,,46.1136,-117.94,cayu1241,,42,language,,languages
cent2127,Central Alaskan Yupik,,60.3062,-161.486,cent2127,,43,language,Eskimo-Aleut,languages
cent2140,Central Sierra Miwok,,38.0812,-120.257,cent2140,,48,language,Miwok-Costanoan,languages
cent2144,Central Mazahua,,19.7357,-100.018,cent2144,,46,language,Otomanguean,languages
cher1273,Cherokee,,35.4664,-83.163,cher1273,,53,language,Iroquoian,languages
chey1247,Cheyenne,,45.5321,-106.659,chey1247,,54,language,Algic,languages
chia1262,Chiapanec,,16.6562,-91.9417,chia1262,,55,language,Otomanguean,languages
chic1270,Chickasaw,,34.0,-88.0,chic1270,,57,language,Muskogean,languages
chic1271,Chicomuceltec,,15.6078,-91.2869,chic1271,,58,language,Mayan,languages
chil1280,Chilcotin-Nicola,,51.98952,-123.24458,chil1280,,59 234,language,Athabaskan-Eyak-Tlingit,languages
chim1310,Chimakum,,47.91457,-123.139145,chim1310,,52,language,Chimakuan,languages
chin1286,Clatsop-Shoalwater Chinook,,46.39132,-123.9249,chin1286,,189,language,Chinookan,languages
chip1241,Chippewa,,47.347,-94.2738,chip1241,,49,language,Algic,languages
chip1261,Chipewyan,,58.98,-104.44,chip1261,,61,language,Athabaskan-Eyak-Tlingit,languages
chit1248,Chitimacha,,30.3386,-90.9123,chit1248,,63,language,,languages
choc1276,Choctaw,,32.25,-88.5,choc1276,,65,language,Muskogean,languages
choc1279,Chochotec,,17.666,-97.2388,choc1279,,64,language,Otomanguean,languages
chol1282,Chol,,17.4897,-92.4698,chol1282,,66,language,Mayan,languages
chol1283,Cholti,,15.5,-89.0,chol1283,,67,language,Mayan,languages
chor1273,Ch'orti',,14.818,-89.2363,chor1273,,68,language,Mayan,languages
chuj1250,Chuj,,15.8399,-91.76,chuj1250,,69,language,Mayan,languages
clal1241,Clallam,,48.0707,-123.511,clal1241,,71,language,Salishan,languages
coah1252,Coahuilteco,,28.2589,-97.89,coah1252,,73,language,,languages
coas1301,Coast Miwok,,38.3285,-122.994,coas1301,,74,language,Miwok-Costanoan,languages
coat1240,Coatepec Nahuatl,,18.32,-99.7114,coat1240,,76,language,Uto-Aztecan,languages
coch1272,Cochimi,,29.04,-114.077,coch1272,,78,language,Cochimi-Yuman,languages
coco1261,Cocopa,,32.376,-114.848,coco1261,,79,language,Cochimi-Yuman,languages
coeu1236,Coeur d'Alene,,47.2958,-116.715,coeu1236,,80,language,Salishan,languages
colu1241,Columbia-Wenatchi,,48.217,-118.454,colu1241,,81,language,Salishan,languages
coma1245,Comanche,,34.0,-101.0,coma1245,,82,language,Uto-Aztecan,languages
come1251,Comecrudan,,26.1333,-98.4667,come1251,,84,language,,languages
como1259,Comox,,49.7233,-124.967,como1259,,85,language,Salishan,languages
conc1237,Concho,,,,conc1237,,86,language,Unclassifiable,languages
coto1248,Cotoname,,25.9116,-97.3956,coto1248,,88,language,,languages
cowl1242,Cowlitz,,46.4167,-122.917,cowl1242,,89,language,Salishan,languages
cree1270,Creek,,31.0,-87.5,cree1270,,90,language,Muskogean,languages
crow1244,Crow,,45.368,-107.874,crow1244,,91,language,Siouan,languages
cruz1243,Cruzeño,,34.0465,-119.864,cruz1243,,146,language,Chumashan,languages
cuit1236,Cuitlatec,,18.1,-100.5,cuit1236,,93,language,,languages
cusa1237,Cusabo,,,,cusa1237,,94,language,Unclassifiable,languages
dako1258,Dakota,,45.86,-96.58,dako1258,,95,language,Siouan,languages
dege1248,Degexit'an,,62.0697,-160.044,dege1248,,96,language,Athabaskan-Eyak-Tlingit,languages
diti1235,Ditidaht,,48.67,-124.75,diti1235,,97,language,Wakashan,languages
dogr1252,Dogrib,,63.17,-117.25,dogr1252,,98,language,Athabaskan-Eyak-Tlingit,languages
dora1242,Dorasque,,8.567442,-82.375717,dora1242,,99,language,Chibchan,languages
east1472,Eastern Keres,,35.5216,-106.453,east1472,,105,language,Keresan,languages
east2534,Eastern Canadian Inuktitut,,62.1735,-75.6139,east2534,,102,language,Eskimo-Aleut,languages
east2542,Eastern Ojibwa,,45.0112,-79.7503,east2542,,107,language,Algic,languages
east2544,Eastern Abenaki,,45.0112,-68.6617,east2544,,101,language,Algic,languages
east2545,Eastern Pomo,,38.5647,-122.586,east2545,,108,language,Pomoan,languages
east2556,Eastern Highland Otomi,,20.5991,-98.0978,east2556,,104,language,Otomanguean,languages
east2695,Eastern Durango Nahuatl,,22.676,-104.6259,east2695,,103,language,Uto-Aztecan,languages
esse1238,Esselen,,36.5473,-121.867,esse1238,,110,language,,languages
eude1234,Eudeve,,28.5,-110.0,eude1234,,111,language,Uto-Aztecan,languages
eyak1241,Eyak,,60.4232,-144.762,eyak1241,,112,language,Athabaskan-Eyak-Tlingit,languages
gali1261,Galice,,42.56343,-123.5854,gali1261,,115,language,Athabaskan-Eyak-Tlingit,languages
gitx1241,Gitxsan,,55.09,-128.08,gitx1241,,228,language,Tsimshian,languages
gros1243,Gros Ventre,,48.4834,-108.738,gros1243,,116,language,Algic,languages
guai1237,Guaicurian,,24.1666666667,-110.3,guai1237,,118,language,,languages
gual1239,Guale,,,,gual1239,,119,language,Unattested,languages
gwic1235,Gwich'in,,67.4307,-142.963,gwic1235,,123,language,Athabaskan-Eyak-Tlingit,languages
hais1244,Haisla,,53.964,-128.602,hais1244,,125,language,Wakashan,languages
halk1245,Halkomelem,,49.250402,-122.443668,halk1245,,126,language,Salishan,languages
hann1241,Han,,64.5002,-140.352,hann1241,,127,language,Athabaskan-Eyak-Tlingit,languages
hava1248,Havasupai-Walapai-Yavapai,,35.6302,-113.385,hava1248,,128,language,Cochimi-Yuman,languages
heil1246,Heiltsuk-Oowekyala,,51.7045,-127.221,heil1246,,129,language,Wakashan,languages
hida1246,Hidatsa,,47.33,-102.0,hida1246,,130,language,Siouan,languages
hoch1243,Ho-Chunk,,43.5,-88.5,hoch1243,,132,language,Siouan,languages
holi1241,Holikachuk,,62.7266,-159.831,holi1241,,133,language,Athabaskan-Eyak-Tlingit,languages
hopi1249,Hopi,,35.7653,-110.535,hopi1249,,134,language,Uto-Aztecan,languages
huar1255,Huarijio,,27.8685,-108.437,huar1255,,120,language,Uto-Aztecan,languages
huas1242,Huastec,,21.6153,-98.5028,huas1242,,136,language,Mayan,languages
huic1243,Huichol,,21.954,-104.062,huic1243,,138,language,Uto-Aztecan,languages
hupa1239,Hupa-Chilula,,41.0982,-123.68,hupa1239,,140,language,Athabaskan-Eyak-Tlingit,languages
ines1240,Ineseño,,34.6169,-120.08,ines1240,,142,language,Chumashan,languages
iowa1245,Iowa-Oto,,40.0511,-95.5213,iowa1245,,144,language,Siouan,languages
ipai1240,Ipai,,33.005,-116.993,ipai1240,,145,language,Cochimi-Yuman,languages
itza1241,Itza',,17.0269,-89.8734,itza1241,,147,language,Mayan,languages
ixil1251,Ixil,,15.4569,-90.8935,ixil1251,,148,language,Mayan,languages
ixte1237,Ixtenco Otomi,,19.2146,-98.0272,ixte1237,,149,language,Otomanguean,languages
jeme1245,Towa,,35.5994,-106.766,jeme1245,,375,language,Kiowa-Tanoan,languages
jica1244,Jicarilla Apache,,36.8079,-107.007,jica1244,,152,language,Athabaskan-Eyak-Tlingit,languages
juma1248,Jumano,,29.52316,-104.39797,juma1248,,153,language,Unattested,languages
kala1400,Central Kalapuya,,44.9861,-123.925,kala1400,,155,language,Kalapuyan,languages
kali1308,Kalispel-Pend d'Oreille,,47.5825,-114.19,kali1308,,156,language,Salishan,languages
kans1243,Kansa,,39.0,-94.4,kans1243,,157,language,Siouan,languages
kaqc1270,Kaqchikel,,14.4662,-90.9881,kaqc1270,,158,language,Mayan,languages
kara1289,Karankawa,,28.9082,-96.4856,kara1289,,159,language,,languages
kark1259,Karkin,,38.01944,-122.13417,kark1259,,160,language,Miwok-Costanoan,languages
karo1304,Karuk,,41.8228,-123.315,karo1304,,161,language,,languages
kask1239,Kaska,,61.0,-130.0,kask1239,,162,language,Athabaskan-Eyak-Tlingit,languages
kath1253,Kathlamet,,46.197,-123.56,kath1253,,164,language,Chinookan,languages
kato1244,Kato,,39.7002,-123.432,kato1244,,165,language,Athabaskan-Eyak-Tlingit,languages
kawa1283,Kawaiisu,,36.0538,-118.679,kawa1283,,166,language,Uto-Aztecan,languages
kekc1242,Q'eqchi',,15.3788,-89.2452,kekc1242,,167,language,Mayan,languages
kich1262,K'iche',,14.5278,-91.1696,kich1262,,154,language,Mayan,languages
kick1244,Kickapoo,,41.655145,-89.03034,kick1244,,168,language,Algic,languages
kili1268,Kiliwa,,30.5471,-115.123,kili1268,,169,language,Cochimi-Yuman,languages
kiow1264,Kiowa Apache,,34.9077,-98.2461,kiow1264,,171,language,Athabaskan-Eyak-Tlingit,languages
kiow1266,Kiowa,,34.9403,-98.9042,kiow1266,,170,language,Kiowa-Tanoan,languages
kits1249,Kitsai,,31.83,-96.5,kits1249,,172,language,Caddoan,languages
klam1254,Klamath-Modoc,,42.5861,-121.704,klam1254,,173,language,,languages
koas1236,Koasati,,30.4096,-92.709,koas1236,,174,language,Muskogean,languages
kono1241,Konomihu,,41.263356,-123.310776,kono1241,,176,language,Shastan,languages
koyu1237,Koyukon,,65.6093,-154.229,koyu1237,,177,language,Athabaskan-Eyak-Tlingit,languages
kumi1248,Tipai,,32.331,-116.604,kumi1248,,363,language,Cochimi-Yuman,languages
kwak1269,Kwak'wala,,50.9269,-127.308,kwak1269,,179,language,Wakashan,languages
kwal1258,Kwalhioqua-Clatskanie,,46.111979,-123.209332,kwal1258,,72,language,Athabaskan-Eyak-Tlingit,languages
lako1247,Lakota,,46.3699,-103.95,lako1247,,181,language,Siouan,languages
laur1250,Laurentian,,45.33,-72.5,laur1250,,182,language,Iroquoian,languages
lenc1242,Lenca-Honduras,,13.667338,-87.49878,lenc1242,,183,language,Lencan,languages
lenc1243,Lenca-Salvador,,13.560562,-88.114014,lenc1243,,184,language,Lencan,languages
lill1248,Lillooet,,50.7272,-122.04,lill1248,,185,language,Salishan,languages
lipa1241,Lipan Apache,,29.93117,-98.94286,lipa1241,,186,language,Athabaskan-Eyak-Tlingit,languages
loup1243,Nipmuck,,42.364,-72.731,loup1243,,187,language,Algic,languages
lowe1425,Lower Tanana,,64.8834,-149.451,lowe1425,,190,language,Athabaskan-Eyak-Tlingit,languages
lowe1427,Lower Chehalis,,46.7736,-124.004,lowe1427,,188,language,Salishan,languages
lowl1260,Lowland Oaxaca Chontal,,15.9497,-95.6876,lowl1260,,191,language,Tequistlatecan,languages
luis1253,Luiseno-Juaneño,,33.3184,-116.939,luis1253,,192,language,Uto-Aztecan,languages
lush1252,Northern Lushootseed,,48.42,-122.529,lush1252,,193,language,Salishan,languages
mahi1248,Mahican,,42.587,-73.788,mahi1248,,194,language,Algic,languages
maka1318,Makah,,48.3258,-124.616,maka1318,,196,language,Wakashan,languages
male1292,Malecite-Passamaquoddy,,45.494475,-67.40805,male1292,,197,language,Algic,languages
male1297,Maléku Jaíka,,10.7485,-84.7318,male1297,,198,language,Chibchan,languages
mamm1241,Mam,,14.8034,-91.7231,mamm1241,,199,language,Mayan,languages
mand1446,Mandan,,46.83,-101.0,mand1446,,200,language,Siouan,languages
mara1266,Maratino,,24.339089,-98.576661,mara1266,,202,language,,languages
mari1440,Maricopa,,33.5123,-111.749,mari1440,,203,language,Cochimi-Yuman,languages
mata1288,Matagalpa,,13.0333,-86.0,mata1288,,204,language,Misumalpan,languages
matt1238,Mattole-Bear River,,40.4321,-122.863,matt1238,,205,language,Athabaskan-Eyak-Tlingit,languages
mayo1264,Mayo,,26.4522,-108.981,mayo1264,,206,language,Uto-Aztecan,languages
mehe1242,Meherrin,,36.66342,-77.57783,mehe1242,,207,language,Unclassifiable,languages
meno1252,Menominee,,44.9794,-88.6395,meno1252,,208,language,Algic,languages
mesc1238,Mescalero-Chiricahua Apache,,33.1291,-105.566,mesc1238,,210,language,Athabaskan-Eyak-Tlingit,languages
mesk1242,Meskwaki,,44.0,-89.0,mesk1242,,114,language,Algic,languages
mezq1235,Mezquital Otomi,,20.2274,-99.5564,mezq1235,,211,language,Otomanguean,languages
miam1252,Miami,,40.0,-90.0,miam1252,,212,language,Algic,languages
mich1245,Michoacán Nahuatl,,18.3412,-103.361,mich1245,,213,language,Uto-Aztecan,languages
mika1239,Mikasuki,,31.5,-84.0,mika1239,,215,language,Muskogean,languages
mikm1235,Mi'kmaq,,46.0,-64.0,mikm1235,,214,language,Algic,languages
misk1235,Mískito,,15.1576,-84.2942,misk1235,,224,language,Misumalpan,languages
moha1256,Mohave,,34.8866,-114.599,moha1256,,218,language,Cochimi-Yuman,languages
moha1258,Mohawk,,43.72,-74.66836,moha1258,,216,language,Iroquoian,languages
mohe1244,Mohegan-Montauk-Narragansett,,41.8581,-72.1701,mohe1244,,217,language,Algic,languages
mola1238,Molale,,44.556,-122.857,mola1238,,219,language,,languages
moni1237,Mangue,,13.5343,-85.1746,moni1237,,201,language,Otomanguean,languages
mono1275,Mono (USA),,37.1935,-119.347,mono1275,,220,language,Uto-Aztecan,languages
mont1268,Montagnais,,49.0533,-68.7376,mont1268,,221,language,Algic,languages
mopa1243,Mopan,,16.3533,-89.0673,mopa1243,,222,language,Mayan,languages
muns1251,Munsee,,41.11,-74.17,muns1251,,223,language,Algic,languages
nant1249,Nanticoke,,39.67781,-74.98648,nant1249,,225,language,Algic,languages
naol1234,Naolan,,,,naol1234,,226,language,Unclassifiable,languages
nask1242,Naskapi,,55.9316,-61.1318,nask1242,,227,language,Algic,languages
nava1243,Navajo,,36.33,-109.38,nava1243,,229,language,Athabaskan-Eyak-Tlingit,languages
nawa1259,Nawathinehena,,41.316,-104.45,nawa1259,,230,language,Algic,languages
nezp1238,Nez Perce,,46.3073,-116.408,nezp1238,,232,language,Sahaptian,languages
ngab1239,Ngäbere,,8.8251,-82.3911,ngab1239,,233,language,Chibchan,languages
nise1244,Nisenan,,38.047,-120.393,nise1244,,235,language,Maiduan,languages
nook1247,Nooksack,,48.2201,-121.973,nook1247,,236,language,Salishan,languages
nort1550,Taos Northern Tiwa,,36.4277,-105.604,nort1550,,346,language,Kiowa-Tanoan,languages
nort1552,Northern East Cree,,55.1928,-77.7505,nort1552,,100,language,Algic,languages
nort2941,Northern Tutchone,,62.8235,-136.644,nort2941,,251,language,Athabaskan-Eyak-Tlingit,languages
nort2942,North Slavey,,63.5,-125.67,nort2942,,238,language,Athabaskan-Eyak-Tlingit,languages
nort2943,North Alaskan Inupiatun,,69.582,-143.77,nort2943,,237,language,Eskimo-Aleut,languages
nort2945,Seward Alaska Inupiatun,,64.77955,-161.80666,nort2945,,316,language,Eskimo-Aleut,languages
nort2951,Northwest Maidu,,39.6721,-121.368,nort2951,,175,language,Maiduan,languages
nort2952,Northeast Maidu,,40.4102,-120.645,nort2952,,195,language,Maiduan,languages
nort2954,Northern Paiute,,40.0799,-119.536,nort2954,,240,language,Uto-Aztecan,languages
nort2957,Northern Puebla Nahuatl,,20.1356,-97.9814,nort2957,,247,language,Uto-Aztecan,languages
nort2959,Northern Tepehuan,,26.4348,-107.379,nort2959,,250,language,Uto-Aztecan,languages
nort2966,Northern Pomo,,39.1084,-123.209,nort2966,,245,language,Pomoan,languages
nort2967,Northeastern Russian River Pomo,,39.2894,-122.509,nort2967,,239,language,Pomoan,languages
nort2968,Northern Sierra Miwok,,38.4179,-120.588,nort2968,,248,language,Miwok-Costanoan,languages
nort2969,San Francisco Bay Ohlone,,37.436487,-121.827674,nort2969,,244,language,Miwok-Costanoan,languages
nort2984,Northern Pame,,22.0968,-99.6434,nort2984,,273,language,Otomanguean,languages
nott1246,Nottoway,,36.72,-77.115,nott1246,,254,language,Iroquoian,languages
nucl1649,Southern-Coastal Tsimshian,,52.59103,-128.544545,nucl1649,,75,language,Tsimshian,languages
nuuc1236,Nuu-chah-nulth,,49.67,-126.67,nuuc1236,,255,language,Wakashan,languages
obis1242,Obispeño,,35.2873,-120.669,obis1242,,257,language,Chumashan,languages
ofoo1242,Ofo,,33.45871,-90.76513,ofoo1242,,258,language,Siouan,languages
okan1243,Okanagan,,49.2745,-119.294,okan1243,,259,language,Salishan,languages
olut1240,Oluta Popoluca,,17.8937,-94.8863,olut1240,,260,language,Mixe-Zoque,languages
omah1247,Omaha-Ponca,,42.0944,-96.5295,omah1247,,261,language,Siouan,languages
onei1249,Oneida,,43.438742,-75.708106,onei1249,,262,language,Iroquoian,languages
onon1246,Onondaga,,42.92,-76.12,onon1246,,263,language,Iroquoian,languages
opat1246,Teguima,,31.15211,-110.06212,opat1246,,264,language,Uto-Aztecan,languages
osag1243,Osage,,36.7828,-96.2949,osag1243,,266,language,Siouan,languages
otta1242,Ottawa,,44.5988,-83.226,otta1242,,268,language,Algic,languages
paci1278,Pacific Gulf Yupik,,60.4238,-148.043,paci1278,,269,language,Eskimo-Aleut,languages
paip1241,Paipai,,31.6063,-115.871,paip1241,,270,language,Cochimi-Yuman,languages
pale1254,Palewyami Yokuts,,35.556742,-119.073757,pale1254,,272,language,Yokutsan,languages
pana1305,Panamint,,36.0007,-117.901,pana1305,,274,language,Uto-Aztecan,languages
patw1250,Patwin,,39.2143,-122.0094,patw1250,,275,language,Wintuan,languages
pawn1254,Pawnee,,36.2862,-96.8937,pawn1254,,276,language,Caddoan,languages
pech1241,Pech,,15.8033,-85.558,pech1241,,277,language,Chibchan,languages
pent1242,Pentlatch,,49.1936,-124.689,pent1242,,279,language,Salishan,languages
peri1250,Pericú,,23.316718,-109.614813,peri1250,,280,language,Unclassifiable,languages
pima1248,Pima Bajo,,28.654,-108.326,pima1248,,281,language,Uto-Aztecan,languages
pipi1250,Pipil,,13.8931,-89.443,pipi1250,,283,language,Uto-Aztecan,languages
piro1248,Piro,,35.2291,-106.415,piro1248,,284,language,Kiowa-Tanoan,languages
plai1258,Plains Cree,,51.2437,-110.463,plai1258,,285,language,Algic,languages
plai1259,Plains Miwok,,38.39772,-121.653344,plai1259,,286,language,Miwok-Costanoan,languages
poch1244,Pochutec,,15.735073,-96.468076,poch1244,,287,language,Uto-Aztecan,languages
pota1247,Potawatomi,,40.955,-89.1881,pota1247,,289,language,Algic,languages
powh1243,Powhatan,,36.99422,-77.20752,powh1243,,290,language,Algic,languages
pure1242,Purepecha,,19.2467,-101.631,pure1242,,291,language,Tarascan,languages
puri1259,Purisimeño,,34.6866,-120.431,puri1259,,292,language,Chumashan,languages
qanj1241,Q'anjob'al,,15.6846,-91.3043,qanj1241,,293,language,Mayan,languages
quap1242,Quapaw,,34.15,-92.0,quap1242,,294,language,Siouan,languages
quec1382,Quechan,,32.7859,-114.599,quec1382,,295,language,Cochimi-Yuman,languages
quer1236,Querétaro Otomi,,20.1396,-100.115,quer1236,,296,language,Otomanguean,languages
quil1240,Quileute,,47.9106,-124.603,quil1240,,297,language,Chimakuan,languages
quin1251,Quinault,,47.4214,-124.16,quin1251,,298,language,Salishan,languages
quin1252,Quinigua,,,,quin1252,,299,language,Unclassifiable,languages
rama1270,Rama,,11.5007,-83.8571,rama1270,,301,language,Chibchan,languages
sali1253,Salinan,,36.18753,-121.05221,sali1253,,305,language,,languages
sanb1242,San Blas Kuna,,9.15686,-78.3075,sanb1242,,178,language,Chibchan,languages
sanf1262,San Francisco Matlatzinca,,19.3584,-100.058,sanf1262,,307,language,Otomanguean,languages
sanf1266,San Francisco Solano,,,,sanf1266,,324,language,Unclassifiable,languages
sars1236,Sarsi,,50.8822,-114.301,sars1236,,308,language,Athabaskan-Eyak-Tlingit,languages
sayu1241,Sayula Popoluca,,17.8606,-94.9531,sayu1241,,309,language,Mixe-Zoque,languages
sech1246,Sechelt,,49.4757,-123.765,sech1246,,310,language,Salishan,languages
seka1250,Sekani,,57.4421,-125.664,seka1250,,311,language,Athabaskan-Eyak-Tlingit,languages
sene1264,Seneca,,42.56,-77.53,sene1264,,312,language,Iroquoian,languages
seri1257,Seri,,28.9877,-112.384,seri1257,,313,language,,languages
serr1255,Serrano,,33.9479,-116.772,serr1255,,314,language,Uto-Aztecan,languages
seve1240,Severn Ojibwa,,53.9092,-89.9331,seve1240,,315,language,Algic,languages
shaw1249,Shawnee,,40.0,-83.0,shaw1249,,317,language,Algic,languages
shus1248,Shuswap,,50.8734,-119.667,shus1248,,319,language,Salishan,languages
siks1238,Siksika,,49.0669,-113.109,siks1238,,320,language,Algic,languages
sipa1247,Sipacapense,,15.23054,-91.7041,sipa1247,,321,language,Mayan,languages
sius1254,Siuslaw,,42.5111,-124.379,sius1254,,322,language,,languages
sout2957,Southern Tutchone,,60.7823,-136.573,sout2957,,332,language,Athabaskan-Eyak-Tlingit,languages
sout2959,South Slavey,,59.8794,-117.047,sout2959,,323,language,Athabaskan-Eyak-Tlingit,languages
sout2961,Southern Tiwa,,34.7873,-106.661,sout2961,,331,language,Kiowa-Tanoan,languages
sout2977,Southwestern Tepehuan,,23.2553,-104.688,sout2977,,330,language,Uto-Aztecan,languages
sout2984,Southern Pomo,,38.7643,-122.545,sout2984,,328,language,Pomoan,languages
sout2985,Southern Sierra Miwok,,38.2363,-120.507,sout2985,,329,language,Miwok-Costanoan,languages
spok1245,Spokane,,47.9087,-118.062,spok1245,,333,language,Salishan,languages
squa1248,Squamish,,49.3231,-123.014,squa1248,,334,language,Salishan,languages
ston1242,Stoney,,51.1939,-114.984,ston1242,,335,language,Siouan,languages
stra1244,Northern Straits Salish,,48.51614,-123.757114,stra1244,,249,language,Salishan,languages
subt1250,Subtiaba,,12.4667,-86.9166,subt1250,,336,language,Otomanguean,languages
susq1241,Susquehannock,,41.169,-76.208,susq1241,,337,language,Iroquoian,languages
swam1239,Swampy Cree,,56.0,-95.0,swam1239,,338,language,Algic,languages
taba1266,Tabasco Chontal,,18.1713,-92.7367,taba1266,,339,language,Mayan,languages
tagi1240,Tagish,,60.242,-134.799,tagi1240,,340,language,Athabaskan-Eyak-Tlingit,languages
tahl1239,Tahltan,,58.4498,-130.052,tahl1239,,341,language,Athabaskan-Eyak-Tlingit,languages
take1257,Takelma,,42.423,-123.452,take1257,,343,language,,languages
tana1289,Dena'ina,,60.4712,-150.759,tana1289,,345,language,Athabaskan-Eyak-Tlingit,languages
tana1290,Tanacross,,63.4046,-143.338,tana1290,,344,language,Athabaskan-Eyak-Tlingit,languages
tapa1260,Tapachultec,,14.9,-92.28,tapa1260,,347,language,Mixe-Zoque,languages
tekt1235,Tektiteko,,15.4599,-92.1136,tekt1235,,352,language,Mayan,languages
teni1238,Tenino,,44.7985,-121.44,teni1238,,355,language,Sahaptian,languages
tepe1278,Tepecano,,22.03529,-103.7367,tepe1278,,356,language,Uto-Aztecan,languages
teri1250,Teribe,,9.067,-82.9631,teri1250,,359,language,Chibchan,languages
tewa1260,Rio Grande Tewa,,35.9053,-106.124,tewa1260,,302,language,Kiowa-Tanoan,languages
texi1237,Texistepec Popoluca,,17.8926,-94.8076,texi1237,,360,language,Mixe-Zoque,languages
tila1239,Tilapa Otomi,,19.4403,-99.5074,tila1239,,361,language,Otomanguean,languages
till1254,Tillamook,,45.5,-123.83,till1254,,362,language,Salishan,languages
timu1245,Timucua,,30.3027,-82.3132,timu1245,,350,language,,languages
tlin1245,Tlingit,,59.4447,-135.29,tlin1245,,364,language,Athabaskan-Eyak-Tlingit,languages
toho1245,Tohono O'odham,,31.7973,-111.995,toho1245,,7 367,language,Uto-Aztecan,languages
tojo1241,Tojolabal,,16.2572,-91.7825,tojo1241,,368,language,Mayan,languages
toll1241,Tol,,14.6686,-87.0372,toll1241,,369,language,Jicaquean,languages
tolo1259,Tolowa-Chetco,,41.9192,-124.1,tolo1259,,303,language,Athabaskan-Eyak-Tlingit,languages
tong1329,Tongva,,34.1,-118.11,tong1329,,371,language,Uto-Aztecan,languages
tonk1249,Tonkawa,,30.25,-96.75,tonk1249,,372,language,,languages
tset1236,Tsetsaut,,55.5,-130.08,tset1236,,377,language,Athabaskan-Eyak-Tlingit,languages
tuba1278,Tübatulabal,,35.327,-117.163,tuba1278,,378,language,Uto-Aztecan,languages
tule1245,Tule-Kaweah Yokuts,,36.05354,-118.768616,tule1245,,379,language,Yokutsan,languages
tuni1252,Tunica,,30.9888,-92.5403,tuni1252,,380,language,,languages
tusc1257,Tuscarora,,35.75362,-77.60117,tusc1257,,381,language,Iroquoian,languages
tute1247,Tutelo,,37.67,-78.75,tute1247,,382,language,Siouan,languages
twan1247,Twana,,47.48952,-123.21227,twan1247,,383,language,Salishan,languages
tzel1254,Tzeltal,,16.6384,-92.2786,tzel1254,,385,language,Mayan,languages
tzot1259,Tzotzil,,16.6362,-92.7388,tzot1259,,386,language,Mayan,languages
tzut1248,Tz'utujil,,14.6351,-91.2012,tzut1248,,384,language,Mayan,languages
ulwa1239,Ulwa,,12.932292,-83.581467,ulwa1239,,387,language,Misumalpan,languages
umat1237,Umatilla,,45.6391,-118.552,umat1237,,388,language,Sahaptian,languages
unam1242,Unami,,40.4,-74.3,unam1242,,389,language,Algic,languages
uppe1436,Upper Umpqua,,43.22,-123.36,uppe1436,,393,language,Athabaskan-Eyak-Tlingit,languages
uppe1437,Upper Tanana,,62.6867,-141.37,uppe1437,,392,language,Athabaskan-Eyak-Tlingit,languages
uppe1438,Upper Kuskokwim,,62.2976,-155.951,uppe1438,,391,language,Athabaskan-Eyak-Tlingit,languages
uppe1439,Upper Chehalis,,46.7981,-123.169,uppe1439,,390,language,Salishan,languages
uspa1245,Uspanteco,,15.3648,-90.8893,uspa1245,,394,language,Mayan,languages
utes1238,Ute-Southern Paiute,,40.0965,-110.305,utes1238,,395,language,Uto-Aztecan,languages
vent1242,Ventureño,,34.1761,-119.035,vent1242,,396,language,Chumashan,languages
wail1244,Eel River Athabaskan,,39.1513,-123.284,wail1244,,109,language,Athabaskan-Eyak-Tlingit,languages
wall1238,Northeast Sahaptin,,45.7206,-118.424,wall1238,,304,language,Sahaptian,languages
wamp1249,Wampanoag,,41.705,-73.3148,wamp1249,,397,language,Algic,languages
wamp1250,Wampano,,41.2021,-73.3798,wamp1250,,300,language,Algic,languages
wapp1239,Wappo,,38.25,-122.5,wapp1239,,398,language,Yuki-Wappo,languages
wasc1239,Upper Chinook,,45.0278,-121.509,wasc1239,,399,language,Chinookan,languages
wash1253,Washo,,38.8184,-119.64,wash1253,,400,language,,languages
wenr1236,Wenro,,43.14,-78.475563,wenr1236,,401,language,Unclassifiable,languages
west1510,Western Ojibwa,,50.5664,-102.525,west1510,,306,language,Algic,languages
west2615,Western Apache,,33.8574,-110.123,west2615,,403,language,Athabaskan-Eyak-Tlingit,languages
west2618,Western Canadian Inuktitut,,64.3486,-96.148,west2618,,404,language,Eskimo-Aleut,languages
west2630,Western Abenaki,,46.1381,-72.6511,west2630,,402,language,Algic,languages
west2632,Western Keres,,34.9733,-107.517,west2632,,3,language,Keresan,languages
west2778,Western Durango Nahuatl,,22.6,-104.9,west2778,,405,language,Uto-Aztecan,languages
wich1260,Wichita,,35.0665,-98.1831,wich1260,,407,language,Caddoan,languages
wint1259,Wintu,,39.7176,-122.445,wint1259,,408,language,Wintuan,languages
wiyo1248,Wiyot,,39.2492,-122.952,wiyo1248,,409,language,Algic,languages
wocc1242,Woccon,,35.379075,-77.985987,wocc1242,,410,language,Siouan,languages
wood1236,Woods Cree,,57.0,-99.0,wood1236,,411,language,Algic,languages
wyan1247,Huron-Wyandot,,44.33,-77.5,wyan1247,,141,language,Iroquoian,languages
yaki1237,Northwest Sahaptin,,46.2655,-120.756,yaki1237,,414,language,Sahaptian,languages
yama1265,Yamasee,,,,yama1265,,415,language,Unattested,languages
yana1271,Yana,,39.2769,-121.608,yana1271,,416,language,,languages
yaqu1251,Yaqui,,29.9446,-110.681,yaqu1251,,417,language,Uto-Aztecan,languages
yoku1256,Northern Yokuts,,36.3167,-119.721,yoku1256,,252,language,Yokutsan,languages
yuca1254,Yucatec Maya,,18.7757,-88.9567,yuca1254,,418,language,Mayan,languages
yuch1247,Yuchi,,35.75,-86.75,yuch1247,,419,language,,languages
yuki1243,Northern Yukian,,39.8389,-123.296,yuki1243,,253,language,Yuki-Wappo,languages
yuro1248,Yurok,,41.3262,-123.824,yuro1248,,420,language,Algic,languages
zuni1245,Zuni,,35.0056,-108.782,zuni1245,,422,language,,languages
algi1248,Algic,,,,algi1248,,11 15 19 39 49 54 100 101 107 114 116 168 187 194 197 208 212 214 217 221 223 225 227 230 268 285 289 290 300 306 315 317 320 338 389 397 402 409 411 420,family,,families
atha1245,Athabaskan-Eyak-Tlingit,,,,atha1245,,5 23 25 40 59 61 72 96 98 109 112 115 123 127 133 140 152 162 165 171 177 186 190 205 210 229 234 238 251 303 308 311 323 332 340 341 344 345 364 377 391 392 393 403,family,,families
cadd1255,Caddoan,,,,cadd1255,,16 35 172 276 407,family,,families
chib1249,Chibchan,,,,chib1249,,29 30 32 33 99 178 198 233 277 301 359,family,,families
chim1311,Chimakuan,,47.632,-123.079,chim1311,,52 297,family,,families
chin1490,Chinookan,,,,chin1490,,164 189 399,family,,families
chum1262,Chumashan,,,,chum1262,,24 142 143 146 257 292 396,family,,families
coch1271,Cochimi-Yuman,,,,coch1271,,78 79 128 145 169 203 218 270 295 363,family,,families
eski1264,Eskimo-Aleut,,,,eski1264,,10 43 102 237 269 316 404,family,,families
haid1248,Haida,,,,haid1248,,124,family,,families
huav1256,Huavean,,,,huav1256,,137,family,,families
iroq1247,Iroquoian,,,,iroq1247,,53 141 182 216 231 254 262 263 312 337 381,family,,families
jica1245,Jicaquean,,,,jica1245,,369,family,,families
kala1402,Kalapuyan,,,,kala1402,,155,family,,families
kere1287,Keresan,,,,kere1287,,3 105,family,,families
kiow1265,Kiowa-Tanoan,,,,kiow1265,,170 284 302 331 346 375,family,,families
lenc1239,Lencan,,13.92775,-88.04223,lenc1239,,183 184,family,,families
maid1262,Maiduan,,,,maid1262,,175 195 235,family,,families
maya1287,Mayan,,,,maya1287,,58 66 67 68 69 136 147 148 154 158 167 199 222 288 293 321 339 352 368 384 385 386 394 418,family,,families
misu1242,Misumalpan,,,,misu1242,,34 204 224 387,family,,families
miwo1274,Miwok-Costanoan,,,,miwo1274,,48 74 160 244 248 286 327 329,family,,families
mixe1284,Mixe-Zoque,,,,mixe1284,,56 131 256 260 309 347 360,family,,families
musk1252,Muskogean,,,,musk1252,,8 13 57 65 90 174 215,family,,families
otom1299,Otomanguean,,,,otom1299,,12 21 44 45 46 51 55 60 64 92 104 149 151 201 209 211 241 242 243 246 267 273 296 307 325 326 336 361 376 406,family,,families
pala1350,Palaihnihan,,,,pala1350,,2 20,family,,families
pomo1273,Pomoan,,,,pomo1273,,108 239 245 328,family,,families
saha1239,Sahaptian,,,,saha1239,,232 304 355 388 414,family,,families
sali1255,Salishan,,,,sali1255,,26 71 80 81 85 89 126 156 185 188 193 236 249 259 279 298 310 319 333 334 362 383 390,family,,families
shas1238,Shastan,,,,shas1238,,176,family,,families
siou1252,Siouan,,,,siou1252,,17 28 41 91 95 130 132 144 157 181 200 258 261 266 294 335 382 410,family,,families
tara1323,Tarascan,,,,tara1323,,291,family,,families
tequ1244,Tequistlatecan,,,,tequ1244,,191,family,,families
toto1251,Totonacan,,,,toto1251,,357 373,family,,families
tsim1258,Tsimshian,,,,tsim1258,,75 228,family,,families
unat1236,Unattested,,,,unat1236,,119 153 415,family,,families
uncl1493,Unclassifiable,,,,uncl1493,,14 27 37 86 94 207 226 280 299 324 401,family,,families
utoa1244,Uto-Aztecan,,,,utoa1244,,1 7 36 47 76 82 87 103 106 111 120 134 138 139 166 192 206 213 220 240 247 250 264 274 281 283 287 314 330 348 349 356 367 371 378 395 405 417,family,,families
waka1280,Wakashan,,,,waka1280,,97 125 129 179 196 255,family,,families
wint1258,Wintuan,,,,wint1258,,275 408,family,,families
xinc1237,Xincan,,14.31028,-89.82346,xinc1237,,412,family,,families
yoku1255,Yokutsan,,,,yoku1255,,31 252 272 379,family,,families
yuki1242,Yuki-Wappo,,,,yuki1242,,253 398,family,,families
